<?xml version="1.0" encoding="UTF-8"?>
<openerp>
    <data>

        <record id="stock.view_product_standard_price_form" model="ir.ui.view">
            <field name="name">product.normal.form.replace_standard_price</field>
            <field name="model">product.product</field>
            <field name="inherit_id" ref="product.product_normal_form_view"/>
            <field name="type">form</field>
            <field name="arch" type="xml">
                <field name="standard_price" position="replace">
                    <label string="Cost Price:" align="1.0"/>
                    <group col="2" colspan="1">
                        <field name="standard_price" attrs="{'readonly':[('cost_method','=','average')]}" nolabel="1"/>
                        <button name="%(stock.action_view_change_standard_price)d" string="Update"
                            type="action" icon="gtk-execute" attrs="{'invisible':[('cost_method','!=','average')]}"/>
                    </group>
                </field>
            </field>
        </record>

        <record id="product_template_form_view_replace_standard_price" model="ir.ui.view">
            <field name="name">product.template.product.form.replace_standard_price</field>
            <field name="model">product.template</field>
            <field name="inherit_id" ref="product.product_template_form_view"/>
            <field name="type">form</field>
            <field name="arch" type="xml">
                <field name="standard_price" position="replace">
                    <field name="standard_price" attrs="{'readonly':[('cost_method','=','average')]}"/>
                </field>
            </field>
       </record>

    </data>
</openerp>
